CNAE;descricao;observacao
01.11-3;Cultivo de cereais;
01.12-1;Cultivo de algodão herbáceo e de outras fibras de lavoura temporária;
01.12-1;Cultivo de algodão herbáceo e de outras fibras de lavoura temporária;Cultivo de junco, juta, malva, rami, sorgo vassoura e de outras fibras de lavoura temporária
01.13-0;Cultivo de cana-de-açúcar;
01.14-8;Cultivo de fumo;Exceto secagem, defumação e outros processos realizados em unidade industrial
01.15-6;Cultivo de soja;
01.16-4;Cultivo de oleaginosas de lavoura temporária, exceto soja;Cultivo de amendoim, colza, gergelim, girassol, linho, mamona e de outras oleaginosas de lavoura temporária
01.19-9;Cultivo de plantas de lavoura temporária não especificadas anteriormente;"Exceto produção de sementes, mudas e outras formas de propagação vegetal certificadas e transgênicas de lavouras temporárias; exceto cultivo de junco, juta, malva, rami, sorgo vassoura e de outras fibras de lavoura temporária; exceto cultivo de amendoim, "
01.19-9;Cultivo de plantas de lavoura temporária não especificadas anteriormente;Cultivo de alho e de cebola
01.21-1;Horticultura;"Exceto cultivo de alho e de  cebola; exceto produção de sementes, mudas e outras formas de propagação vegetal certificadas e transgênicas de plantas hortícolas"
01.22-9;Cultivo de flores e plantas ornamentais;Exceto produção de sementes, mudas e outras formas de propagação vegetal certificadas e transgênicas de plantas de lavoura permanente e da floricultura
01.31-8;Cultivo de laranja;Cultivo de laranja
01.32-6;Cultivo de uva;
01.33-4;Cultivo de frutas de lavoura permanente, exceto laranja e uva;Exceto cultivo de laranja
01.33-4;Cultivo de frutas de lavoura permanente, exceto laranja e uva;Cultivo de frutas de lavoura permanente
01.34-2;Cultivo de café;
01.35-1;Cultivo de cacau;
01.39-3;Cultivo de plantas de lavoura permanente não especificadas anteriormente;Exceto cultivo de frutas de lavoura permanente
01.41-5;Produção de sementes certificadas;Produção de sementes certificadas e transgênicas de plantas de lavoura temporária
01.41-5;Produção de sementes certificadas;Produção de sementes certificadas e transgênicas de plantas hortícolas
01.41-5;Produção de sementes certificadas;Produção de sementes certificadas e transgênicas de plantas da floricultura e de plantas de lavoura permanente
01.42-3;Produção de mudas e outras formas de propagação vegetal, certificadas;Produção de mudas e outras formas de propagação vegetal certificadas e transgênicas de plantas de lavoura temporária
01.42-3;Produção de mudas e outras formas de propagação vegetal, certificadas;Produção de mudas e outras formas de propagação vegetal certificadas e transgênicas de plantas hortícolas
01.42-3;Produção de mudas e outras formas de propagação vegetal, certificadas;Mudas e outras formas de propagação vegetal, certificadas e transgênicas da floricultura e de lavouras permanentes
01.51-2;Criação de bovinos;
01.52-1;Criação de outros animais de grande porte;
01.53-9;Criação de caprinos e ovinos;
01.53-9;Criação de caprinos e ovinos;Criação de caprinos
01.54-7;Criação de suínos;
01.55-5;Criação de aves;
01.59-8;Criação de animais não especificados anteriormente;Exceto criação de caprinos e de jacaré
01.61-0;Atividades de apoio à agricultura;"Exceto serviços de limpeza, lavagem e classificação de produtos agrícolas; exceto serviços de jardinagem"
01.62-8;Atividades de apoio à pecuária;Exceto serviço de operação de estábulos de hipódromos
01.63-6;Atividades de pós-colheita;Serviços de limpeza, lavagem e classificação de produtos agrícolas
01.70-9;Caça e serviços relacionados;
02.10-1;Produção florestal - florestas plantadas;Produção florestal - florestas plantadas
02.10-1;Produção florestal - florestas plantadas;Referente a florestas plantadas
02.10-1;Produção florestal - florestas plantadas;Produção de carvão vegetal de florestas plantadas
02.20-9;Produção florestal - florestas nativas;Produção florestal - florestas nativas
02.20-9;Produção florestal - florestas nativas;Referente a florestas nativas
02.20-9;Produção florestal - florestas nativas;Produção de carvão vegetal de florestas nativas
02.30-6;Atividades de apoio à produção florestal;
03.11-6;Pesca em água salgada;Pesca marinha
03.12-4;Pesca em água doce;Pesca em água doce
03.21-3;Aqüicultura em água salgada e salobra;Criação de animais aquáticos em água salgada ou salobra
03.22-1;Aqüicultura em água doce;Criação de jacaré
03.22-1;Aqüicultura em água doce;Aqüicultura em água doce
05.00-3;Extração de carvão mineral;Exceto a extração de turfa e as atividades de apoio à extração
06.00-0;Extração de petróleo e gás natural;
07.10-3;Extração de minério de ferro;Exceto as atividades de apoio à extração
07.21-9;Extração de minério de alumínio;Exceto as atividades de apoio à extração
07.22-7;Extração de minério de estanho;Exceto as atividades de apoio à extração
07.23-5;Extração de minério de manganês;Exceto as atividades de apoio à extração
07.24-3;Extração de minério de metais preciosos;Exceto as atividades de apoio à extração
07.25-1;Extração de minerais radioativos;
07.29-4;Extração de minerais metálicos não-ferrosos não especificados anteriormente;Exceto as atividades de apoio à extração
08.10-0;Extração de pedra, areia e argila;Exceto as atividades de apoio à extração
08.91-6;Extração de minerais para fabricação de adubos, fertilizantes e outros produtos químicos;Exceto as atividades de apoio à extração
08.92-4;Extração e refino de sal marinho e sal-gema;Exceto as atividades de apoio à extração
08.93-2;Extração de gemas (pedras preciosas e semipreciosas);Exceto as atividades de apoio à extração
08.99-1;Extração de minerais não-metálicos não especificados anteriormente;Extração de turfa
08.99-1;Extração de minerais não-metálicos não especificados anteriormente;Exceto as atividades de apoio à extração
09.10-6;Atividades de apoio à extração de petróleo e gás natural;
09.90-4;Atividades de apoio à extração de minerais, exceto petróleo e gás natural;Atividades de apoio à extração
09.90-4;Atividades de apoio à extração de minerais, exceto petróleo e gás natural;Atividades de apoio à extração
09.90-4;Atividades de apoio à extração de minerais, exceto petróleo e gás natural;Atividades de apoio à extração
09.90-4;Atividades de apoio à extração de minerais, exceto petróleo e gás natural;Atividades de apoio à extração
09.90-4;Atividades de apoio à extração de minerais, exceto petróleo e gás natural;Atividades de apoio à extração
09.90-4;Atividades de apoio à extração de minerais, exceto petróleo e gás natural;Atividades de apoio à extração
09.90-4;Atividades de apoio à extração de minerais, exceto petróleo e gás natural;Atividades de apoio à extração
09.90-4;Atividades de apoio à extração de minerais, exceto petróleo e gás natural;Atividades de apoio à extração
09.90-4;Atividades de apoio à extração de minerais, exceto petróleo e gás natural;Atividades de apoio à extração
09.90-4;Atividades de apoio à extração de minerais, exceto petróleo e gás natural;Atividades de apoio à extração
09.90-4;Atividades de apoio à extração de minerais, exceto petróleo e gás natural;Atividades de apoio à extração
10.11-2;Abate de reses, exceto suínos;Exceto o abate de suínos e a preparação de carne
10.12-1;Abate de suínos, aves e outros pequenos animais;Abate de suínos
10.12-1;Abate de suínos, aves e outros pequenos animais;
10.13-9;Fabricação de produtos de carne;
10.20-1;Preservação do pescado e fabricação de produtos do pescado;
10.31-7;Fabricação de conservas de frutas;
10.32-5;Fabricação de conservas de legumes e outros vegetais;
10.33-3;Fabricação de sucos de frutas, hortaliças e legumes;
10.33-3;Fabricação de sucos de frutas, hortaliças e legumes;Fabricação de sucos prontos para beber
10.41-4;Fabricação de óleos vegetais em bruto, exceto óleo de milho;
10.42-2;Fabricação de óleos vegetais refinados, exceto óleo de milho;
10.43-1;Fabricação de margarina e outras gorduras vegetais e de óleos não-comestíveis de animais;
10.51-1;Preparação do leite;
10.52-0;Fabricação de laticínios;
10.53-8;Fabricação de sorvetes e outros gelados comestíveis;
10.61-9;Beneficiamento de arroz e fabricação de produtos do arroz;
10.62-7;Moagem de trigo e fabricação de derivados;
10.63-5;Fabricação de farinha de mandioca e derivados;
10.64-3;Fabricação de farinha de milho e derivados, exceto óleos de milho;
10.65-1;Fabricação de amidos e féculas de vegetais e de óleos de milho;
10.66-0;Fabricação de alimentos para animais;
10.69-4;Moagem e fabricação de produtos de origem vegetal não especificados anteriormente;
10.71-6;Fabricação de açúcar em bruto;
10.72-4;Fabricação de açúcar refinado;
10.81-3;Torrefação e moagem de café;
10.82-1;Fabricação de produtos à base de café;
10.91-1;Fabricação de produtos de panificação;Exceto padarias
10.92-9;Fabricação de biscoitos e bolachas;
10.93-7;Fabricação de produtos derivados do cacau, de chocolates e confeitos;
10.94-5;Fabricação de massas alimentícias;
10.95-3;Fabricação de especiarias, molhos, temperos e condimentos;
10.96-1;Fabricação de alimentos e pratos prontos;Fabricação de pratos prontos
10.99-6;Fabricação de produtos alimentícios não especificados anteriormente;
10.99-6;Fabricação de produtos alimentícios não especificados anteriormente;Exceto a fabricação de pratos prontos
11.11-9;Fabricação de aguardentes e outras bebidas destiladas;
11.12-7;Fabricação de vinho;
11.13-5;Fabricação de malte, cervejas e chopes;
11.21-6;Fabricação de águas envasadas;
11.22-4;Fabricação de refrigerantes e de outras bebidas não-alcoólicas;Exceto a fabricação de sucos de frutas prontos para beber.
12.10-7;Processamento industrial do fumo;Processamento industrial do fumo
12.10-7;Processamento industrial do fumo;Processamento industrial do fumo
12.20-4;Fabricação de produtos do fumo;
13.11-1;Preparação e fiação de fibras de algodão;
13.11-1;Preparação e fiação de fibras de algodão;
13.12-0;Preparação e fiação de fibras têxteis naturais, exceto algodão;
13.12-0;Preparação e fiação de fibras têxteis naturais, exceto algodão;
13.13-8;Fiação de fibras artificiais e sintéticas;
13.14-6;Fabricação de linhas para costurar e bordar;
13.21-9;Tecelagem de fios de algodão;
13.21-9;Tecelagem de fios de algodão;Exceto a fabricação de artigos de tecido de uso doméstico, integrada a tecelagem
13.21-9;Tecelagem de fios de algodão;Exceto a fabricação de outros artefatos têxteis, integrada a tecelagem
13.22-7;Tecelagem de fios de fibras têxteis naturais, exceto algodão;
13.22-7;Tecelagem de fios de fibras têxteis naturais, exceto algodão;Exceto a fabricação de artigos de tecido de uso doméstico, integrada a tecelagem
13.22-7;Tecelagem de fios de fibras têxteis naturais, exceto algodão;Exceto a fabricação de outros artefatos têxteis, integrada a tecelagem
13.23-5;Tecelagem de fios de fibras artificiais e sintéticas;
13.23-5;Tecelagem de fios de fibras artificiais e sintéticas;Exceto a fabricação de artigos de tecido de uso doméstico, integrada a tecelagem
13.23-5;Tecelagem de fios de fibras artificiais e sintéticas;Exceto a fabricação de outros artefatos têxteis, integrada a tecelagem
13.30-8;Fabricação de tecidos de malha;
13.40-5;Acabamentos em fios, tecidos e artefatos têxteis;
13.51-1;Fabricação de artefatos têxteis para uso doméstico;
13.52-9;Fabricação de artefatos de tapeçaria;
13.53-7;Fabricação de artefatos de cordoaria;
13.54-5;Fabricação de tecidos especiais, inclusive artefatos;Exceto a fabricação de artefatos de tecido não tecido para uso médico-hospitalar
13.59-6;Fabricação de outros produtos têxteis não especificados anteriormente;sacos, exceto integrados à tecelagem
13.59-6;Fabricação de outros produtos têxteis não especificados anteriormente;
14.11-8;Confecção de roupas íntimas;Exceto a confecção de blusas, camisas e semelhantes
14.12-6;Confecção de peças do vestuário, exceto roupas íntimas;Confecção de blusas, camisas e semelhantes
14.12-6;Confecção de peças do vestuário, exceto roupas íntimas;
14.13-4;Confecção de roupas profissionais;Exceto a confecção de roupas de proteção resistentes à fogo
14.14-2;Fabricação de acessórios do vestuário, exceto para segurança e proteção;
14.21-5;Fabricação de meias;
14.22-3;Fabricação de artigos do vestuário, produzidos em malharias e tricotagens, exceto meias;
15.10-6;Curtimento e outras preparações de couro;
15.21-1;Fabricação de artigos para viagem, bolsas e semelhantes de qualquer material;
15.29-7;Fabricação de artefatos de couro não especificados anteriormente;
15.31-9;Fabricação de calçados de couro;Exceto a fabricação de partes de couro para calçados
15.32-7;Fabricação de tênis de qualquer material;
15.33-5;Fabricação de calçados de material sintético;Exceto a fabricação de partes de material sintético para calçados
15.39-4;Fabricação de calçados de materiais não especificados anteriormente;Exceto a fabricação de partes de qualquer material para calçados
15.40-8;Fabricação de partes para calçados, de qualquer material;Fabricação de partes de couro para calçados
15.40-8;Fabricação de partes para calçados, de qualquer material;Fabricação de partes de material sintético para calçados
15.40-8;Fabricação de partes para calçados, de qualquer material;Fabricação de partes para calçados, de materiais não especificados anteriormente
16.10-2;Desdobramento de madeira;
16.21-8;Fabricação de madeira laminada e de chapas de madeira compensada, prensada e aglomerada;
16.22-6;Fabricação de estruturas de madeira e de artigos de carpintaria para construção;
16.23-4;Fabricação de artefatos de tanoaria e de embalagens de madeira;Exceto a reparação
16.29-3;Fabricação de artefatos de madeira, palha, cortiça, vime e material trançado não especificados anteriormente, exceto móveis;Exceto a fabricação de artigos de cortiça para segurança e proteção
17.10-9;Fabricação de celulose e outras pastas para a fabricação de papel;
17.21-4;Fabricação de papel;
17.22-2;Fabricação de cartolina e papel-cartão;
17.31-1;Fabricação de embalagens de papel;
17.32-0;Fabricação de embalagens de cartolina e papel-cartão;Exceto a fabricação de embalagens de papelão ondulado
17.33-8;Fabricação de chapas e de embalagens de papelão ondulado;Fabricação de embalagens de papelão ondulado
17.41-9;Fabricação de produtos de papel, cartolina, papel-cartão e papelão ondulado para uso comercial e de escritório;
17.41-9;Fabricação de produtos de papel, cartolina, papel-cartão e papelão ondulado para uso comercial e de escritório;
17.41-9;Fabricação de produtos de papel, cartolina, papel-cartão e papelão ondulado para uso comercial e de escritório;Impressos para uso comercial, industrial, papelaria, etc.
17.42-7;Fabricação de produtos de papel para usos doméstico e higiênico-sanitário;Fabricação de produtos de papel para usos doméstico e higiênico-sanitário
17.49-4;Fabricação de produtos de pastas celulósicas, papel, cartolina, papel-cartão e papelão ondulado não especificados anteriormente;Exceto a fabricação de artefatos para uso higiênico-sanitário
18.11-3;Impressão de jornais, livros, revistas e outras publicações periódicas;
18.12-1;Impressão de material de segurança;Impressão de material de segurança
18.13-0;Impressão de materiais para outros usos;Exceto a imressão de material de segurança
18.21-1;Serviços de pré-impressão;Serviços de pré-impressão
18.22-9;Serviços de acabamentos gráficos;Serviços de acabamentos gráficos
18.30-0;Reprodução de materiais gravados em qualquer suporte;
18.30-0;Reprodução de materiais gravados em qualquer suporte;
18.30-0;Reprodução de materiais gravados em qualquer suporte;
19.10-1;Coquerias;
19.21-7;Fabricação de produtos do refino de petróleo;
19.22-5;Fabricação de produtos derivados do petróleo, exceto produtos do refino;
19.31-4;Fabricação de álcool;
19.32-2;Fabricação de biocombustíveis, exceto álcool;Fabricação de biodiesel
20.11-8;Fabricação de cloro e álcalis;
20.12-6;Fabricação de intermediários para fertilizantes;
20.13-4;Fabricação de adubos e fertilizantes;
20.14-2;Fabricação de gases industriais;
20.19-3;Fabricação de produtos químicos inorgânicos não especificados anteriormente;Exceto a coleta, tratamento e disposição de resíduos nucleares, a produção de substâncias radioativas para diagnóstico e a fundição e refino de urânio
20.19-3;Fabricação de produtos químicos inorgânicos não especificados anteriormente;
20.21-5;Fabricação de produtos petroquímicos básicos;
20.22-3;Fabricação de intermediários para plastificantes, resinas e fibras;
20.29-1;Fabricação de produtos químicos orgânicos não especificados anteriormente;Exceto a fabricação de carvão vegetal e biodiesel
20.31-2;Fabricação de resinas termoplásticas;
20.32-1;Fabricação de resinas termofixas;
20.33-9;Fabricação de elastômeros;
20.40-1;Fabricação de fibras artificiais e sintéticas;
20.40-1;Fabricação de fibras artificiais e sintéticas;
20.51-7;Fabricação de defensivos agrícolas;Fabricação de inseticidas de uso agrícola
20.51-7;Fabricação de defensivos agrícolas;Fabricação de fungicidas de uso agrícola
20.51-7;Fabricação de defensivos agrícolas;Fabricação de herbicidas de uso agrícola
20.51-7;Fabricação de defensivos agrícolas;Fabricação de outros defensivos de uso agrícola
20.52-5;Fabricação de desinfestantes domissanitários;Fabricação de inseticidas de uso doméstico
20.52-5;Fabricação de desinfestantes domissanitários;Fabricação de fungicidas de uso doméstico
20.52-5;Fabricação de desinfestantes domissanitários;Fabricação de herbicidas de uso doméstico
20.52-5;Fabricação de desinfestantes domissanitários;Fabricação de outros defensivos de uso doméstico
20.61-4;Fabricação de sabões e detergentes sintéticos;Exceto a fabricação de sabonetes e sabões medicinais
20.62-2;Fabricação de produtos de limpeza e polimento;
20.63-1;Fabricação de cosméticos, produtos de perfumaria e de higiene pessoal;Fabricação de sabonetes e sabões medicinais
20.63-1;Fabricação de cosméticos, produtos de perfumaria e de higiene pessoal;
20.71-1;Fabricação de tintas, vernizes, esmaltes e lacas;
20.72-0;Fabricação de tintas de impressão;
20.73-8;Fabricação de impermeabilizantes, solventes e produtos afins;
20.91-6;Fabricação de adesivos e selantes;
20.92-4;Fabricação de explosivos;
20.92-4;Fabricação de explosivos;Fabricação de fósforos de segurança
20.93-2;Fabricação de aditivos de uso industrial;
20.94-1;Fabricação de catalisadores;
20.99-1;Fabricação de produtos químicos não especificados anteriormente;
20.99-1;Fabricação de produtos químicos não especificados anteriormente;
21.10-6;Fabricação de produtos farmoquímicos;
21.21-1;Fabricação de medicamentos para uso humano;
21.22-0;Fabricação de medicamentos para uso veterinário;
21.23-8;Fabricação de preparações farmacêuticas;Fabricação de substâncias radioativas para diagnóstico
21.23-8;Fabricação de preparações farmacêuticas;Exceto a fabricação de curativos, hastes, gazes etc. não impregnados com qualquer substância
22.11-1;Fabricação de pneumáticos e de câmaras-de-ar;
22.12-9;Reforma de pneumáticos usados;
22.19-6;Fabricação de artefatos de borracha não especificados anteriormente;
22.21-8;Fabricação de laminados planos e tubulares de material plástico;
22.22-6;Fabricação de embalagens de material plástico;
22.23-4;Fabricação de tubos e acessórios de material plástico para uso na construção;Fabricação de tubos e acessórios de material plástico para uso na construção
22.29-3;Fabricação de artefatos de material plástico não especificados anteriormente;Exceto a fabricação de tubos e acessórios de material plástico para construção civil, de letras, letreiros e placas de material plástico e artigos de material plástico para segurança e proteção
22.29-3;Fabricação de artefatos de material plástico não especificados anteriormente;Fabricação de linóleos
23.11-7;Fabricação de vidro plano e de segurança;
23.12-5;Fabricação de embalagens de vidro;
23.19-2;Fabricação de artigos de vidro;
23.20-6;Fabricação de cimento;
23.30-3;Fabricação de artefatos de concreto, cimento, fibrocimento, gesso e materiais semelhantes;
23.41-9;Fabricação de produtos cerâmicos refratários;
23.42-7;Fabricação de produtos cerâmicos não-refratários para uso estrutural na construção;
23.49-4;Fabricação de produtos cerâmicos não-refratários não especificados anteriormente;
23.91-5;Aparelhamento e outros trabalhos em pedras;
23.92-3;Fabricação de cal e gesso;
23.99-1;Fabricação de produtos de minerais não-metálicos não especificados anteriormente;Exceto a fabricação de roupas e artefatos de asbesto para segurança
23.99-1;Fabricação de produtos de minerais não-metálicos não especificados anteriormente;Decoração, vitrificação e outros trabalhos em cerâmica, vidro e semelhantes
24.11-3;Produção de ferro-gusa;
24.12-1;Produção de ferroligas;
24.21-1;Produção de semi-acabados de aço;
24.22-9;Produção de laminados planos de aço;
24.23-7;Produção de laminados longos de aço;
24.24-5;Produção de relaminados, trefilados e perfilados de aço;
24.31-8;Produção de tubos de aço com costura;
24.39-3;Produção de outros tubos de ferro e aço;
24.41-5;Metalurgia do alumínio e suas ligas;
24.42-3;Metalurgia dos metais preciosos;
24.43-1;Metalurgia do cobre;Metalurgia do cobre
24.49-1;Metalurgia dos metais não-ferrosos e suas ligas não especificados anteriormente;Fundição e refino de urânio
24.49-1;Metalurgia dos metais não-ferrosos e suas ligas não especificados anteriormente;Exceto a metalurgia do cobre
24.51-2;Fundição de ferro e aço;
24.52-1;Fundição de metais não-ferrosos e suas ligas;
25.11-0;Fabricação de estruturas metálicas;
25.12-8;Fabricação de esquadrias de metal;
25.13-6;Fabricação de obras de caldeiraria pesada;Exceto a instalação sob contrato
25.21-7;Fabricação de tanques, reservatórios metálicos e caldeiras para aquecimento central;Exceto instalação e montagem sob contrato
25.22-5;Fabricação de caldeiras geradoras de vapor, exceto para aquecimento central e para veículos;Exceto instalação e montagem sob contrato
25.31-4;Produção de forjados de aço e de metais não-ferrosos e suas ligas;
25.31-4;Produção de forjados de aço e de metais não-ferrosos e suas ligas;
25.32-2;"Produção de artefatos estampados de metal; metalurgia do pó";
25.32-2;"Produção de artefatos estampados de metal; metalurgia do pó";
25.39-0;Serviços de usinagem, solda, tratamento e revestimento em metais;
25.41-1;Fabricação de artigos de cutelaria;
25.42-0;Fabricação de artigos de serralheria, exceto esquadrias;
25.43-8;Fabricação de ferramentas;
25.43-8;Fabricação de ferramentas;Fabricação de moldes e modelos
25.50-1;Fabricação de equipamento bélico pesado, armas de fogo e munições;
25.50-1;Fabricação de equipamento bélico pesado, armas de fogo e munições;Exceto a fabricação de veículos militares de combate
25.91-8;Fabricação de embalagens metálicas;Exceto a reparação de tambores metálicos
25.92-6;Fabricação de produtos de trefilados de metal;
25.93-4;Fabricação de artigos de metal para uso doméstico e pessoal;
25.99-3;Fabricação de produtos de metal não especificados anteriormente;"Exceto a fabricação de artefatos de metal para segurança e proteção; letras e placas de metal"
26.10-8;Fabricação de componentes eletrônicos;
26.21-3;Fabricação de equipamentos de informática;
26.22-1;Fabricação de periféricos para equipamentos de informática;
26.31-1;Fabricação de equipamentos transmissores de comunicação;Exceto instalação e montagem sob contrato
26.32-9;Fabricação de aparelhos telefônicos e de outros equipamentos de comunicação;Fabricação de sistemas de alarme ligados a uma estação de controle
26.32-9;Fabricação de aparelhos telefônicos e de outros equipamentos de comunicação;
26.40-0;Fabricação de aparelhos de recepção, reprodução, gravação e amplificação de áudio e vídeo;
26.51-5;Fabricação de aparelhos e equipamentos de medida, teste e controle;"Exceto a fabricação de termômetros médicos e outros aparelhos ou instrumentos de medida para uso médico-hospitalar; instalação sob contrato"
26.51-5;Fabricação de aparelhos e equipamentos de medida, teste e controle;Exceto instalação sob contrato
26.52-3;Fabricação de cronômetros e relógios;
26.60-4;Fabricação de aparelhos eletromédicos e eletroterapêuticos e equipamentos de irradiação;"Exceto a fabricação de instrumentos não-eletrônicos, mobiliário médico-hospitalar; aparelhos ortopédicos; instalação sob contrato"
26.70-1;Fabricação de equipamentos e instrumentos ópticos, fotográficos e cinematográficos;"Exceto a fabricação de artigos ópticos (óculos, lentes); cabos de fibra óptica; instalação sob contrato"
26.80-9;Fabricação de mídias virgens, magnéticas e ópticas;
27.10-4;Fabricação de geradores, transformadores e motores elétricos;Exceto a instalação sob contrato
27.10-4;Fabricação de geradores, transformadores e motores elétricos;Exceto a instalação sob contrato
27.10-4;Fabricação de geradores, transformadores e motores elétricos;Exceto a instalação sob contrato
27.21-0;Fabricação de pilhas, baterias e acumuladores elétricos, exceto para veículos automotores;
27.22-8;Fabricação de baterias e acumuladores para veículos automotores;
27.31-7;Fabricação de aparelhos e equipamentos para distribuição e controle de energia elétrica;Exceto a instalação sob contrato
27.32-5;Fabricação de material elétrico para instalações em circuito de consumo;
27.33-3;Fabricação de fios, cabos e condutores elétricos isolados;
27.33-3;Fabricação de fios, cabos e condutores elétricos isolados;Fabricação de cabos de fibra óptica
27.40-6;Fabricação de lâmpadas e outros equipamentos de iluminação;
27.40-6;Fabricação de lâmpadas e outros equipamentos de iluminação;Exceto a fabricação de painéis e letreiros luminosos
27.51-1;Fabricação de fogões, refrigeradores e máquinas de lavar e secar para uso doméstico;
27.59-7;Fabricação de aparelhos eletrodomésticos não especificados anteriormente;
27.90-2;Fabricação de equipamentos e aparelhos elétricos não especificados anteriormente;Fabricação de aparelhos elétricos de solda, manuais
27.90-2;Fabricação de equipamentos e aparelhos elétricos não especificados anteriormente;
27.90-2;Fabricação de equipamentos e aparelhos elétricos não especificados anteriormente;Exceto a fabricação de sistemas de alarme ligados a uma estação de controle
27.90-2;Fabricação de equipamentos e aparelhos elétricos não especificados anteriormente;Exceto a instalação sob contrato
28.11-9;Fabricação de motores e turbinas, exceto para aviões e veículos rodoviários;Exceto a instalação sob contrato
28.12-7;Fabricação de equipamentos hidráulicos e pneumáticos, exceto válvulas;Exceto a instalação sob contrato
28.13-5;Fabricação de válvulas, registros e dispositivos semelhantes;Exceto a instalação sob contrato
28.14-3;Fabricação de compressores;Exceto a instalação sob contrato
28.15-1;Fabricação de equipamentos de transmissão para fins industriais;Exceto a instalação sob contrato
28.21-6;Fabricação de aparelhos e equipamentos para instalações térmicas;Exceto a instalação sob contrato
28.21-6;Fabricação de aparelhos e equipamentos para instalações térmicas;Exceto a instalação sob contrato
28.22-4;Fabricação de máquinas, equipamentos e aparelhos para transporte e elevação de cargas e pessoas;Exceto a instalação de equipamentos para elevação de cargas sob contrato
28.23-2;Fabricação de máquinas e aparelhos de refrigeração e ventilação para uso industrial e comercial;Exceto a instalação sob contrato
28.24-1;Fabricação de aparelhos e equipamentos de ar condicionado;
28.25-9;Fabricação de máquinas e equipamentos para saneamento básico e ambiental; Fabricação de máquinas para saneamento básico e ambiental
28.29-1;Fabricação de máquinas e equipamentos de uso geral não especificados anteriormente; Exceto a fabricação de máquinas para saneamento básico e ambiental e a instalação sob contrato
28.29-1;Fabricação de máquinas e equipamentos de uso geral não especificados anteriormente;
28.29-1;Fabricação de máquinas e equipamentos de uso geral não especificados anteriormente;
28.29-1;Fabricação de máquinas e equipamentos de uso geral não especificados anteriormente;Fabricação de carrosséis, balanços e semelhantes para parques de diversões e feiras
28.31-3;Fabricação de tratores agrícolas;
28.32-1;Fabricação de equipamentos para irrigação agrícola;Fabricação de equipamentos para irrigação agrícola
28.33-0;Fabricação de máquinas e equipamentos para a agricultura e pecuária, exceto para irrigação;Exceto a fabricação de equipamentos para irrigação agrícola
28.40-2;Fabricação de máquinas-ferramenta;Exceto a fabricação de aparelhos elétricos de solda, manuais e a instalação sob contrato
28.51-8;Fabricação de máquinas e equipamentos para a prospecção e extração de petróleo;Exceto a instalação sob contrato
28.52-6;Fabricação de outras máquinas e equipamentos para uso na extração mineral, exceto na extração de petróleo;Exceto a fabricação de máquinas para uso na construção e a instalação sob contrato
28.53-4;Fabricação de tratores, exceto agrícolas;
28.54-2;Fabricação de máquinas e equipamentos para terraplenagem, pavimentação e construção, exceto tratores;Fabricação de máquinas para uso na construção
28.54-2;Fabricação de máquinas e equipamentos para terraplenagem, pavimentação e construção, exceto tratores;Exceto a instalação sob contrato
28.61-5;Fabricação de máquinas para a indústria metalúrgica, exceto máquinas-ferramenta;Exceto a instalação sob contrato
28.62-3;Fabricação de máquinas e equipamentos para as indústrias de alimentos, bebidas e fumo;Exceto a instalação sob contrato
28.63-1;Fabricação de máquinas e equipamentos para a indústria têxtil;Exceto a instalação sob contrato
28.64-0;Fabricação de máquinas e equipamentos para as indústrias do vestuário, do couro e de calçados;Exceto a instalação sob contrato
28.65-8;Fabricação de máquinas e equipamentos para as indústrias de celulose, papel e papelão e artefatos;Exceto a instalação sob contrato
28.66-6;Fabricação de máquinas e equipamentos para a indústria do plástico;Fabricação de máquinas para a indústria do plástico
28.69-1;Fabricação de máquinas e equipamentos para uso industrial específico não especificados anteriormente;Exceto a fabricação de máquinas para a indústria do plástico, moldes e modelos e a instalação sob contrato
29.10-7;Fabricação de automóveis, camionetas e utilitários;
29.20-4;Fabricação de caminhões e ônibus;
29.30-1;Fabricação de cabines, carrocerias e reboques para veículos automotores;Exceto a manutenção de contêineres
29.30-1;Fabricação de cabines, carrocerias e reboques para veículos automotores;
29.30-1;Fabricação de cabines, carrocerias e reboques para veículos automotores;
29.41-7;Fabricação de peças e acessórios para o sistema motor de veículos automotores;
29.42-5;Fabricação de peças e acessórios para os sistemas de marcha e transmissão de veículos automotores;
29.43-3;Fabricação de peças e acessórios para o sistema de freios de veículos automotores;
29.44-1;Fabricação de peças e acessórios para o sistema de direção e suspensão de veículos automotores;
29.45-0;Fabricação de material elétrico e eletrônico para veículos automotores, exceto baterias;
29.49-2;Fabricação de peças e acessórios para veículos automotores não especificados anteriormente;
29.50-6;Recondicionamento e recuperação de motores para veículos automotores;
30.11-3;Construção de embarcações e estruturas flutuantes;Exceto a manutenção e reparação
30.12-1;Construção de embarcações para esporte e lazer;Exceto a manutenção e reparação
30.31-8;Fabricação de locomotivas, vagões e outros materiais rodantes;
30.32-6;Fabricação de peças e acessórios para veículos ferroviários;
30.41-5;Fabricação de aeronaves;Exceto a fabricação de turbinas, motores e outros componentes
30.42-3;Fabricação de turbinas, motores e outros componentes e peças para aeronaves;Fabricação de turbinas, motores e outros componentes para aeronaves
30.50-4;Fabricação de veículos militares de combate;Fabricação de veículos militares de combate
30.91-1;Fabricação de motocicletas;
30.92-0;Fabricação de bicicletas e triciclos não-motorizados;
30.92-0;Fabricação de bicicletas e triciclos não-motorizados;Fabricação de carrinhos para bebês
30.99-7;Fabricação de equipamentos de transporte não especificados anteriormente;
31.01-2;Fabricação de móveis com predominância de madeira;Exceto a instalação sob contrato
31.02-1;Fabricação de móveis com predominância de metal;Fabricação de cadeiras para barbeiros e cabeleireiros
31.02-1;Fabricação de móveis com predominância de metal;Exceto a instalação sob contrato
31.03-9;Fabricação de móveis de outros materiais, exceto madeira e metal;Exceto a instalação sob contrato
31.04-7;Fabricação de colchões;
32.11-6;Lapidação de gemas e fabricação de artefatos de ourivesaria e joalheria;
32.12-4;Fabricação de bijuterias e artefatos semelhantes;Fabricação de bijuterias e artefatos semelhantes
32.20-5;Fabricação de instrumentos musicais;
32.30-2;Fabricação de artefatos para pesca e esporte;
32.40-0;Fabricação de brinquedos e jogos recreativos;Exceto a manutenção de jogos operados por moedas
32.50-7;Fabricação de instrumentos e materiais para uso médico e odontológico e de artigos ópticos;Fabricação de artefatos de tecido não-tecido para uso odonto-médico-hospitalar
32.50-7;Fabricação de instrumentos e materiais para uso médico e odontológico e de artigos ópticos;Fabricação de óculos de segurança e proteção
32.50-7;Fabricação de instrumentos e materiais para uso médico e odontológico e de artigos ópticos;Fabricação de categutes, cimentos dentário, curativos não impregnados
32.50-7;Fabricação de instrumentos e materiais para uso médico e odontológico e de artigos ópticos;"Fabricação de instrumentos não-eletrônicos para uso médico-hospitalar, aparelhos e próteses ortopédicos, laboratórios dentários, mobiliário hospitalar; etc."
32.50-7;Fabricação de instrumentos e materiais para uso médico e odontológico e de artigos ópticos;Fabricação de instrumentos de medida, teste e controle para uso médico-hospitalar
32.50-7;Fabricação de instrumentos e materiais para uso médico e odontológico e de artigos ópticos;"Fabricação de óculos, lentes e semelhantes; laboratórios ópticos"
32.91-4;Fabricação de escovas, pincéis e vassouras;
32.92-2;Fabricação de equipamentos e acessórios para segurança e proteção pessoal e profissional;Fabricação de roupas de proteção resistentes à fogo
32.92-2;Fabricação de equipamentos e acessórios para segurança e proteção pessoal e profissional;Exceto a fabricação de óculos para segurança e proteção
32.92-2;Fabricação de equipamentos e acessórios para segurança e proteção pessoal e profissional;Fabricação de artigos de cortiça para segurança e proteção
32.92-2;Fabricação de equipamentos e acessórios para segurança e proteção pessoal e profissional;Fabricação de artigos de material plástico para segurança e proteção
32.92-2;Fabricação de equipamentos e acessórios para segurança e proteção pessoal e profissional;Fabricação de roupas e artefatos de asbesto para segurança e proteção
32.92-2;Fabricação de equipamentos e acessórios para segurança e proteção pessoal e profissional;Fabricação de artigos de metal para segurança e proteção
32.99-0;Fabricação de produtos diversos não especificados anteriormente;Fabricação de letras, letreiros e placas de material plástico
32.99-0;Fabricação de produtos diversos não especificados anteriormente;Fabricação de letras, letreiros ou placas de metal
32.99-0;Fabricação de produtos diversos não especificados anteriormente;Fabricação de painéis e letreiros luminosos completos
32.99-0;Fabricação de produtos diversos não especificados anteriormente;
32.99-0;Fabricação de produtos diversos não especificados anteriormente;
32.99-0;Fabricação de produtos diversos não especificados anteriormente;Exceto a fabricação de fósforos de segurança, carrinhos para bebe, bijuterias, decoração e outros trabalhos em cerâmica e vidro, carrosséis, balanços e semelhantes para parques de diversões e feiras
33.11-2;Manutenção e reparação de tanques, reservatórios metálicos e caldeiras, exceto para veículos;
33.11-2;Manutenção e reparação de tanques, reservatórios metálicos e caldeiras, exceto para veículos;
33.12-1;Manutenção e reparação de equipamentos eletrônicos e ópticos;
33.12-1;Manutenção e reparação de equipamentos eletrônicos e ópticos;
33.12-1;Manutenção e reparação de equipamentos eletrônicos e ópticos;
33.12-1;Manutenção e reparação de equipamentos eletrônicos e ópticos;
33.13-9;Manutenção e reparação de máquinas e equipamentos elétricos;
33.13-9;Manutenção e reparação de máquinas e equipamentos elétricos;
33.13-9;Manutenção e reparação de máquinas e equipamentos elétricos;
33.14-7;Manutenção e reparação de máquinas e equipamentos da indústria mecânica;
33.14-7;Manutenção e reparação de máquinas e equipamentos da indústria mecânica;
33.14-7;Manutenção e reparação de máquinas e equipamentos da indústria mecânica;
33.14-7;Manutenção e reparação de máquinas e equipamentos da indústria mecânica;
33.14-7;Manutenção e reparação de máquinas e equipamentos da indústria mecânica;
33.14-7;Manutenção e reparação de máquinas e equipamentos da indústria mecânica;
33.14-7;Manutenção e reparação de máquinas e equipamentos da indústria mecânica;Manutenção e reparação de máquinas não-eletrônicas para escritório
33.15-5;Manutenção e reparação de veículos ferroviários;
33.16-3;Manutenção e reparação de aeronaves;
33.16-3;Manutenção e reparação de aeronaves;Manutenção de aeronaves na pista
33.17-1;Manutenção e reparação de embarcações;Manutenção e reparação
33.17-1;Manutenção e reparação de embarcações;Manutenção e reparação
33.17-1;Manutenção e reparação de embarcações;Manutenção e limpeza de embarcações no porto
33.19-8;Manutenção e reparação de equipamentos e produtos não especificados anteriormente;Reparação de artefatos de tanoaria e de embalagens de madeira e de outros artefatos semelhantes
33.19-8;Manutenção e reparação de equipamentos e produtos não especificados anteriormente;Reparação de tambores metálicos
33.19-8;Manutenção e reparação de equipamentos e produtos não especificados anteriormente;Manutenção e reparação de outros artefatos de metal (divisão 25)
33.19-8;Manutenção e reparação de equipamentos e produtos não especificados anteriormente;Manutenção de contêineres
33.19-8;Manutenção e reparação de equipamentos e produtos não especificados anteriormente;Manutenção de jogos operados por moedas
33.21-0;Instalação de máquinas e equipamentos industriais;Instalação sob contrato
33.21-0;Instalação de máquinas e equipamentos industriais;Instalação sob contrato
33.21-0;Instalação de máquinas e equipamentos industriais;Instalação sob contrato
33.21-0;Instalação de máquinas e equipamentos industriais;Instalação sob contrato
33.21-0;Instalação de máquinas e equipamentos industriais;Instalação sob contrato
33.21-0;Instalação de máquinas e equipamentos industriais;Instalação sob contrato
33.21-0;Instalação de máquinas e equipamentos industriais;Instalação sob contrato
33.21-0;Instalação de máquinas e equipamentos industriais;Instalação sob contrato
33.21-0;Instalação de máquinas e equipamentos industriais;Instalação sob contrato
33.21-0;Instalação de máquinas e equipamentos industriais;Instalação sob contrato
33.21-0;Instalação de máquinas e equipamentos industriais;Instalação de equipamentos para elevação de cargas sob contrato
33.21-0;Instalação de máquinas e equipamentos industriais;Instalação sob contrato
33.21-0;Instalação de máquinas e equipamentos industriais;Instalação sob contrato
33.21-0;Instalação de máquinas e equipamentos industriais;Instalação sob contrato
33.21-0;Instalação de máquinas e equipamentos industriais;Instalação sob contrato
33.21-0;Instalação de máquinas e equipamentos industriais;Instalação sob contrato
33.21-0;Instalação de máquinas e equipamentos industriais;Instalação sob contrato
33.21-0;Instalação de máquinas e equipamentos industriais;Instalação sob contrato
33.21-0;Instalação de máquinas e equipamentos industriais;Instalação sob contrato
33.21-0;Instalação de máquinas e equipamentos industriais;Instalação sob contrato
33.21-0;Instalação de máquinas e equipamentos industriais;Instalação sob contrato
33.21-0;Instalação de máquinas e equipamentos industriais;Instalação sob contrato
33.21-0;Instalação de máquinas e equipamentos industriais;Instalação sob contrato
33.21-0;Instalação de máquinas e equipamentos industriais;Instalação sob contrato
33.21-0;Instalação de máquinas e equipamentos industriais;Instalação sob contrato
33.21-0;Instalação de máquinas e equipamentos industriais;Instalação sob contrato
33.21-0;Instalação de máquinas e equipamentos industriais;Instalação sob contrato
33.21-0;Instalação de máquinas e equipamentos industriais;Instalação sob contrato
33.21-0;Instalação de máquinas e equipamentos industriais;Instalação sob contrato
33.21-0;Instalação de máquinas e equipamentos industriais;Instalação sob contrato
33.21-0;Instalação de máquinas e equipamentos industriais;Instalação sob contrato
33.21-0;Instalação de máquinas e equipamentos industriais;Instalação sob contrato
33.21-0;Instalação de máquinas e equipamentos industriais;Instalação sob contrato
33.21-0;Instalação de máquinas e equipamentos industriais;Instalação sob contrato
33.21-0;Instalação de máquinas e equipamentos industriais;Instalação sob contrato
33.29-5;Instalação de equipamentos não especificados anteriormente;Instalação sob contrato de móveis com predominância de madeira
33.29-5;Instalação de equipamentos não especificados anteriormente;Instalação sob contrato de móveis com predominância de metal
33.29-5;Instalação de equipamentos não especificados anteriormente;Instalação sob contrato de móveis de outros materiais, exceto metal e madeira
33.29-5;Instalação de equipamentos não especificados anteriormente;Instalação sob contrato
35.11-5;Geração de energia elétrica;
35.12-3;Transmissão de energia elétrica;
35.13-1;Comércio atacadista de energia elétrica;
35.14-0;Distribuição de energia elétrica;
35.20-4;"Produção de gás; processamento de gás natural; distribuição de combustíveis gasosos por redes urbanas";
35.30-1;Produção e distribuição de vapor, água quente e ar condicionado;
36.00-6;Captação, tratamento e distribuição de água;
36.00-6;Captação, tratamento e distribuição de água;
37.01-1;Gestão de redes de esgoto;Esgoto
37.02-9;Atividades relacionadas a esgoto, exceto a gestão de redes;Limpeza de caixas de esgoto, retirada de lama, coleta e limpeza de fossas e sumidouros
38.11-4;Coleta de resíduos não-perigosos;Retirada de entulho após o término da construção
38.11-4;Coleta de resíduos não-perigosos;Coleta de lixo não-perigoso
38.12-2;Coleta de resíduos perigosos;Coleta de resíduos nucleares
38.12-2;Coleta de resíduos perigosos;Coleta de lixo não-perigoso
38.21-1;Tratamento e disposição de resíduos não-perigosos;Tratamento e disposição de resíduos não-perigosos
38.22-0;Tratamento e disposição de resíduos perigosos;Tratamento, disposição e armazenagem de resíduos nucleares
38.22-0;Tratamento e disposição de resíduos perigosos;Tratamento e disposição de resíduos perigosos
38.31-9;Recuperação de materiais metálicos;
38.32-7;Recuperação de materiais plásticos;Recuperação de materiais plásticos
38.39-4;Recuperação de materiais não especificados anteriormente;Exceto recuperação de materiais plásticos
38.39-4;Recuperação de materiais não especificados anteriormente;Usinas de compostagem
39.00-5;Descontaminação e outros serviços de gestão de resíduos;Descontaminação de solos e de águas subterrâneas poluídas, de plantas industriais, inclusive nucleares, limpeza de águas superficiais, a limpeza de vazamentos de óleo na terra, oceanos e mares e a neutralização de amianto
41.10-7;Incorporação de empreendimentos imobiliários;Atividades de incorporação de empreendimentos imobiliários
41.20-4;Construção de edifícios;Exceto a construção de instalações esportivas e recreativas ao ar livre, administração de obras
42.11-1;Construção de rodovias e ferrovias;Exceto a construção de obras de urbanização (ruas, praças e calçadas)
42.12-0;Construção de obras-de-arte especiais;
42.13-8;Obras de urbanização - ruas, praças e calçadas;Obras de urbanização - ruas, praças e calçadas
42.21-9;Obras para geração e distribuição de energia elétrica e para telecomunicações;
42.21-9;Obras para geração e distribuição de energia elétrica e para telecomunicações;
42.22-7;Construção de redes de abastecimento de água, coleta de esgoto e construções correlatas;"Construção de redes de abastecimento de água, coleta de esgoto e construções correlatas; obras de irrigação"
42.23-5;Construção de redes de transportes por dutos, exceto para água e esgoto;Construção de dutos, exceto para água e esgoto
42.91-0;Obras portuárias, marítimas e fluviais;Obras portuárias, marítimas e fluviais
42.92-8;Montagem de instalações industriais e de estruturas metálicas;Exceto a montagem e desmontagem de andaimes
42.99-5;Obras de engenharia civil não especificadas anteriormente;Construção de instalações esportivas e recreativas ao ar livre
42.99-5;Obras de engenharia civil não especificadas anteriormente;Exceto a construção de redes de abastecimento de água, coleta de esgoto, dutos e obras portuárias, marítimas e fluviais
43.11-8;Demolição e preparação de canteiros de obras;Exceto drenagem e rebaixamento de lençol freático e a preparação de locais para mineração
43.11-8;Demolição e preparação de canteiros de obras;Aluguel com operador de máquinas e equipamentos destinados aos serviços de demolição e limpeza do terreno
43.12-6;Perfurações e sondagens;Exceto a construção de fundações
43.13-4;Obras de terraplenagem;Execução de escavações diversas para construção
43.13-4;Obras de terraplenagem;Exceto as obras de drenagem e os rebaixamentos de lençóis freáticos
43.13-4;Obras de terraplenagem;Aluguel com operador de máquinas e equipamentos destinados aos serviços de terraplanagem
43.19-3;Serviços de preparação do terreno não especificados anteriormente;Nivelamentos diversos para construção e demarcação de locais de construção
43.19-3;Serviços de preparação do terreno não especificados anteriormente;Execução de escavações diversas para construção, drenagem do solo, rebaixamento de lençóis freáticos, preparação de locais para mineração e a limpeza de campos minados
43.21-5;Instalações elétricas;Exceto instalação e montagem de elevadores e escadas rolantes
43.22-3;Instalações hidráulicas, de sistemas de ventilação e refrigeração;
43.22-3;Instalações hidráulicas, de sistemas de ventilação e refrigeração;
43.29-1;Obras de instalações em construções não especificadas anteriormente;Instalação e montagem de elevadores e escadas rolantes
43.29-1;Obras de instalações em construções não especificadas anteriormente;
43.30-4;Obras de acabamento;Exceto obras de alvenaria e retirada de entulho após o término da construção
43.30-4;Obras de acabamento;Aluguel com operador de máquinas e equipamentos destinados aos serviços de acabamento
43.91-6;Obras de fundações;Obras de fundações
43.91-6;Obras de fundações;Aluguel com operador de equipamentos para execução de fundações
43.99-1;Serviços especializados para construção não especificados anteriormente;Administração de obras
43.99-1;Serviços especializados para construção não especificados anteriormente;Montagem e desmontagem de andaimes
43.99-1;Serviços especializados para construção não especificados anteriormente;Construção de fornos industriais e a construção de partes de edifícios
43.99-1;Serviços especializados para construção não especificados anteriormente;"Obras de alvenaria; outras obras de acabamento, exceto a retirada de entulhos e o revestimento em alvenaria"
43.99-1;Serviços especializados para construção não especificados anteriormente;Aluguel de equipamentos com operador para a execução de outros tipos de serviços especializados para construção
45.11-1;Comércio a varejo e por atacado de veículos automotores;Exceto representantes comerciais e agentes do comércio de veículos automotores
45.12-9;Representantes comerciais e agentes do comércio de veículos automotores;Representantes comerciais e agentes do comércio de veículos automotores
45.20-0;Manutenção e reparação de veículos automotores;Exceto serviços de reboques de veículos automotores
45.30-7;Comércio de peças e acessórios para veículos automotores;
45.41-2;Comércio por atacado e a varejo de motocicletas, peças e acessórios;"Exceto representantes comerciais e agentes do comércio de motocicletas; peças e acessórios"
45.42-1;Representantes comerciais e agentes do comércio de motocicletas, peças e acessórios;"Representantes comerciais e agentes do comércio de motocicletas; peças e acessórios"
45.43-9;Manutenção e reparação de motocicletas;
46.11-7;Representantes comerciais e agentes do comércio de matérias-primas agrícolas e animais vivos;
46.12-5;Representantes comerciais e agentes do comércio de combustíveis, minerais, produtos siderúrgicos e químicos;
46.13-3;Representantes comerciais e agentes do comércio de madeira, material de construção e ferragens;
46.14-1;Representantes comerciais e agentes do comércio de máquinas, equipamentos, embarcações e aeronaves;
46.15-0;Representantes comerciais e agentes do comércio de eletrodomésticos, móveis e artigos de uso doméstico;
46.16-8;Representantes comerciais e agentes do comércio de têxteis, vestuário, calçados e artigos de viagem;
46.17-6;Representantes comerciais e agentes do comércio de produtos alimentícios, bebidas e fumo;
46.18-4;Representantes comerciais e agentes do comércio especializado em produtos não especificados anteriormente;
46.19-2;Representantes comerciais e agentes do comércio de mercadorias em geral não especializado;
46.21-4;Comércio atacadista de café em grão;Comércio atacadista de café em grão
46.22-2;Comércio atacadista de soja;Comércio atacadista de soja
46.23-1;Comércio atacadista de animais vivos, alimentos para animais e matérias-primas agrícolas, exceto café e soja;Exceto o comércio atacadista de café e soja
46.23-1;Comércio atacadista de animais vivos, alimentos para animais e matérias-primas agrícolas, exceto café e soja;
46.31-1;Comércio atacadista de leite e laticínios;
46.32-0;Comércio atacadista de cereais e leguminosas beneficiados, farinhas, amidos e féculas;
46.33-8;Comércio atacadista de hortifrutigranjeiros;
46.34-6;Comércio atacadista de carnes, produtos da carne e pescado;
46.34-6;Comércio atacadista de carnes, produtos da carne e pescado;
46.35-4;Comércio atacadista de bebidas;
46.36-2;Comércio atacadista de produtos do fumo;
46.37-1;Comércio atacadista especializado em produtos alimentícios não especificados anteriormente;Exceto o comércio atacadista de alimentos em geral
46.39-7;Comércio atacadista de produtos alimentícios em geral;Comércio atacadista de produtos alimentícios em geral
46.41-9;Comércio atacadista de tecidos, artefatos de tecidos e de armarinho;Exceto o comércio atacadista de fios têxteis
46.42-7;Comércio atacadista de artigos do vestuário e acessórios;Exceto comércio atacadista de bolsas, malas e artigos de viagem
46.43-5;Comércio atacadista de calçados e artigos de viagem;Comércio atacadista de bolsas, malas e artigos de viagem
46.43-5;Comércio atacadista de calçados e artigos de viagem;
46.44-3;Comércio atacadista de produtos farmacêuticos para uso humano e veterinário;Comércio atacadista de produtos farmacêuticos para uso humano e veterinário
46.45-1;Comércio atacadista de instrumentos e materiais para uso médico, cirúrgico, ortopédico e odontológico;Exceto comércio atacadista de produtos farmacêuticos para uso humano e veterinário
46.46-0;Comércio atacadista de cosméticos, produtos de perfumaria e de higiene pessoal;
46.47-8;"Comércio atacadista de artigos de escritório e de papelaria; livros, jornais e outras publicações";
46.49-4;Comércio atacadista de equipamentos e artigos de uso pessoal e doméstico não especificados anteriormente;
46.49-4;Comércio atacadista de equipamentos e artigos de uso pessoal e doméstico não especificados anteriormente;
46.49-4;Comércio atacadista de equipamentos e artigos de uso pessoal e doméstico não especificados anteriormente;Comércio atacadista de equipamentos e artigos de uso pessoal e doméstico não especificados anteriormente
46.51-6;Comércio atacadista de computadores, periféricos e suprimentos de informática;Comércio atacadista de computadores, periféricos e suprimentos de informática
46.52-4;Comércio atacadista de componentes eletrônicos e equipamentos de telefonia e comunicação;Comércio atacadista de componentes eletrônicos e equipamentos de telefonia e comunicação
46.61-3;"Comércio atacadista de máquinas, aparelhos e equipamentos para uso agropecuário; partes e peças";
46.62-1;"Comércio atacadista de máquinas, equipamentos para terraplenagem, mineração e construção; partes e peças";"Comércio atacadista de máquinas, equipamentos para terraplenagem, mineração e construção; partes e peças"
46.63-0;"Comércio atacadista de máquinas e equipamentos para uso industrial; partes e peças";"Comércio atacadista de máquinas e equipamentos para uso industrial; partes e peças"
46.64-8;"Comércio atacadista de máquinas, aparelhos e equipamentos para uso odonto-médico-hospitalar; partes e peças";"Comércio atacadista de máquinas, aparelhos e equipamentos para uso odonto-médico-hospitalar; partes e peças"
46.65-6;"Comércio atacadista de máquinas e equipamentos para uso comercial; partes e peças";
46.69-9;"Comércio atacadista de máquinas, aparelhos e equipamentos não especificados anteriormente; partes e peças"; Comércio atacadista de máquinas para escritório
46.69-9;"Comércio atacadista de máquinas, aparelhos e equipamentos não especificados anteriormente; partes e peças";"Comércio atacadista de máquinas, aparelhos e equipamentos não especificados anteriormente; partes e peças"
46.71-1;Comércio atacadista de madeira e produtos derivados;Comércio atacadista de madeira e produtos derivados
46.72-9;Comércio atacadista de ferragens e ferramentas;Comércio atacadista de ferragens e ferramentas
46.73-7;Comércio atacadista de material elétrico;Comércio atacadista de material elétrico
46.74-5;Comércio atacadista de cimento;Comércio atacadista de cimento
46.79-6;Comércio atacadista especializado de materiais de construção não especificados anteriormente e de materiais de construção em geral;Exceto comércio atacadista especializado em madeira e derivados, ferragens e ferramentas, material elétrico e cimento
46.81-8;Comércio atacadista de combustíveis sólidos, líquidos e gasosos, exceto gás natural e GLP;Exceto comércio atacadista de gás natural e GLP
46.82-6;Comércio atacadista de gás liqüefeito de petróleo (GLP);Comércio atacadista de gás liqüefeito de petróleo (GLP)
46.83-4;Comércio atacadista de defensivos agrícolas, adubos, fertilizantes e corretivos do solo;Comércio atacadista de defensivos agrícolas, adubos, fertilizantes e corretivos do solo
46.84-2;Comércio atacadista de produtos químicos e petroquímicos, exceto agroquímicos;Exceto comércio atacadista de agroquímicos
46.85-1;Comércio atacadista de produtos siderúrgicos e metalúrgicos, exceto para construção;Comércio atacadista de produtos siderúrgicos e metalúrgicos, exceto para construção
46.86-9;Comércio atacadista de papel e papelão em bruto e de embalagens;Comércio atacadista de papel e papelão em bruto e de embalagens
46.87-7;Comércio atacadista de resíduos e sucatas;
46.89-3;Comércio atacadista especializado de outros produtos intermediários não especificados anteriormente;Comércio atacadista de fios têxteis
46.89-3;Comércio atacadista especializado de outros produtos intermediários não especificados anteriormente;
46.89-3;Comércio atacadista especializado de outros produtos intermediários não especificados anteriormente;Exceto comércio atacadista de siderúrgicos e metalúrgicos, papel e papelão
46.89-3;Comércio atacadista especializado de outros produtos intermediários não especificados anteriormente;Comércio atacadista especializado de outros produtos intermediários não especificados anteriormente
46.91-5;Comércio atacadista de mercadorias em geral, com predominância de produtos alimentícios;Comércio atacadista de mercadorias em geral, com predominância de produtos alimentícios
46.92-3;Comércio atacadista de mercadorias em geral, com predominância de insumos agropecuários;Comércio atacadista de mercadorias em geral, com predominância de insumos agropecuários
46.93-1;Comércio atacadista de mercadorias em geral, sem predominância de alimentos ou de insumos agropecuários;Exceto comércio atacadista de insumos agropecuários
47.11-3;Comércio varejista de mercadorias em geral, com predominância de produtos alimentícios - hipermercados e supermercados;
47.11-3;Comércio varejista de mercadorias em geral, com predominância de produtos alimentícios - hipermercados e supermercados;
47.12-1;Comércio varejista de mercadorias em geral, com predominância de produtos alimentícios - minimercados, mercearias e armazéns;
47.13-0;Comércio varejista de mercadorias em geral, sem predominância de produtos alimentícios;
47.21-1;Comércio varejista de produtos de padaria, laticínio, doces, balas e semelhantes;Produtos de padaria com venda no local (padaria)
47.21-1;Comércio varejista de produtos de padaria, laticínio, doces, balas e semelhantes;
47.21-1;Comércio varejista de produtos de padaria, laticínio, doces, balas e semelhantes;
47.22-9;Comércio varejista de carnes e pescados - açougues e peixarias;
47.22-9;Comércio varejista de carnes e pescados - açougues e peixarias;Comércio varejista de pescados
47.23-7;Comércio varejista de bebidas;
47.24-5;Comércio varejista de hortifrutigranjeiros;Comércio varejista de hortifrutigranjeiros
47.29-6;"Comércio varejista de produtos alimentícios em geral ou especializado em produtos alimentícios não especificados anteriormente; produtos do fumo";
47.29-6;"Comércio varejista de produtos alimentícios em geral ou especializado em produtos alimentícios não especificados anteriormente; produtos do fumo";Exceto Comércio varejista de hortifrutigranjeiros e pescados
47.31-8;Comércio varejista de combustíveis para veículos automotores;ExcetoComércio varejista de lubrificantes
47.32-6;Comércio varejista de lubrificantes;Comércio varejista de lubrificantes
47.41-5;Comércio varejista de tintas e materiais para pintura;Comércio varejista de tintas e materiais para pintura
47.42-3;Comércio varejista de material elétrico;Comércio varejista de material elétrico
47.43-1;Comércio varejista de vidros;Comércio varejista de vidros
47.44-0;Comércio varejista de ferragens, madeira e materiais de construção;Exceto Comércio varejista de tintas, materiais para pintura, material elétrico e vidros
47.51-2;Comércio varejista especializado de equipamentos e suprimentos de informática;Comércio varejista de equipamentos e suprimentos de informática
47.52-1;Comércio varejista especializado de equipamentos de telefonia e comunicação;Comércio varejista de equipamentos de telefonia e comunicação
47.53-9;Comércio varejista especializado de eletrodomésticos e equipamentos de áudio e vídeo;Comércio varejista de eletrodomésticos e equipamentos de áudio e vídeo
47.54-7;Comércio varejista especializado de móveis, colchoaria e artigos de iluminação;Comércio varejista de móveis, colchoaria e artigos de iluminação
47.55-5;Comércio varejista especializado de tecidos e artigos de cama, mesa e banho;
47.56-3;Comércio varejista especializado de instrumentos musicais e acessórios;Comércio varejista de instrumentos musicais e acessórios
47.57-1;Comércio varejista especializado de peças e acessórios para aparelhos eletroeletrônicos para uso doméstico, exceto informática e comunicação;Comércio varejista de peças e acessórios para aparelhos eletroeletrônicos para uso doméstico, exceto informática e comunicação
47.59-8;Comércio varejista de artigos de uso doméstico não especificados anteriormente;Comércio varejista de sistemas de segurança residencial
47.59-8;Comércio varejista de artigos de uso doméstico não especificados anteriormente;Exceto comércio varejista de móveis, colchoaria e artigos de iluminação
47.61-0;Comércio varejista de livros, jornais, revistas e papelaria;
47.62-8;Comércio varejista de discos, CDs, DVDs e fitas;Comércio varejista de discos, CDs, DVDs e fitas
47.63-6;Comércio varejista de artigos recreativos e esportivos;Comércio varejista de artigos recreativos e esportivos
47.71-7;Comércio varejista de produtos farmacêuticos para uso humano e veterinário;Comércio varejista de produtos farmacêuticos para uso humano e veterinário
47.72-5;Comércio varejista de cosméticos, produtos de perfumaria e de higiene pessoal;Comércio varejista de cosméticos, produtos de perfumaria e de higiene pessoal
47.73-3;Comércio varejista de artigos médicos e ortopédicos;Comércio varejista de artigos médicos e ortopédicos
47.74-1;Comércio varejista de artigos de óptica;Comércio varejista de artigos de óptica
47.81-4;Comércio varejista de artigos do vestuário e acessórios;
47.82-2;Comércio varejista de calçados e artigos de viagem;
47.83-1;Comércio varejista de jóias e relógios;Comércio varejista de jóias e relógios
47.84-9;Comércio varejista de gás liqüefeito de petróleo (GLP);
47.85-7;Comércio varejista de artigos usados;
47.89-0;Comércio varejista de outros produtos novos não especificados anteriormente;Comércio varejista de artigos fotográficos e para filmagem
47.89-0;Comércio varejista de outros produtos novos não especificados anteriormente;Comércio varejista de molduras
47.89-0;Comércio varejista de outros produtos novos não especificados anteriormente;Comércio varejista de máquinas e equipamentos para escritório
47.89-0;Comércio varejista de outros produtos novos não especificados anteriormente;Exceto comércio varejista de artigos de óptica, esportivos e recreativos, jóias e relógios e peças e acessórios para equipamentos domésticos
47.90-3;Comércio ambulante e outros tipos de comércio varejista;
49.11-6;Transporte ferroviário de carga;Transporte ferroviário de carga
49.12-4;Transporte metroferroviário de passageiros;Transporte ferroviário interurbano de passageiros
49.12-4;Transporte metroferroviário de passageiros;
49.12-4;Transporte metroferroviário de passageiros;
49.12-4;Transporte metroferroviário de passageiros;Transporte regular de bondes
49.21-3;Transporte rodoviário coletivo de passageiros, com itinerário fixo, municipal e em região metropolitana;
49.21-3;Transporte rodoviário coletivo de passageiros, com itinerário fixo, municipal e em região metropolitana;Transporte rodoviário de passageiros, regular, municipal, não urbano
49.22-1;Transporte rodoviário coletivo de passageiros, com itinerário fixo, intermunicipal, interestadual e internacional;Exceto transporte rodoviário de passageiros, regular, municipal, não urbano
49.23-0;Transporte rodoviário de táxi;Serviços de táxi
49.24-8;Transporte escolar;Transporte escolar
49.29-9;Transporte rodoviário coletivo de passageiros, sob regime de fretamento, e outros transportes rodoviários não especificados anteriormente;Exceto serviços de táxi, de locação de automóvel com motorista municipal e transporte escolar
49.30-2;Transporte rodoviário de carga;
49.30-2;Transporte rodoviário de carga;
49.30-2;Transporte rodoviário de carga;Transporte rodoviário de mudanças
49.40-0;Transporte dutoviário;
49.50-7;Trens turísticos, teleféricos e similares;Exceto bondes regulares
50.11-4;Transporte marítimo de cabotagem;Exceto transporte para passeio turístico costeiro em embarcações de menor porte
50.12-2;Transporte marítimo de longo curso;
50.21-1;Transporte por navegação interior de carga;
50.22-0;Transporte por navegação interior de passageiros em linhas regulares;Exceto navegação de passageiros fora de linhas regulares e para passeio turístico
50.30-1;Navegação de apoio;Atividades de navegação de apoio
50.91-2;Transporte por navegação de travessia;
50.99-8;Transportes aquaviários não especificados anteriormente;Transporte para passeio turístico costeiro em embarcações de menor porte
50.99-8;Transportes aquaviários não especificados anteriormente;Transporte para passeio turístico e fora de linhas regulares
51.11-1;Transporte aéreo de passageiros regular;Transporte aéreo de passageiros regular
51.12-9;Transporte aéreo de passageiros não-regular;Transporte aéreo de passageiros não-regular
51.20-0;Transporte aéreo de carga;Transporte aéreo de carga
51.20-0;Transporte aéreo de carga;Transporte aéreo de carga
51.30-7;Transporte espacial;
52.11-7;Armazenamento;Guarda-móveis
52.11-7;Armazenamento;
52.12-5;Carga e descarga;
52.21-4;Concessionárias de rodovias, pontes, túneis e serviços relacionados;Concessionárias de rodovias, pontes, túneis e serviços relacionados
52.22-2;Terminais rodoviários e ferroviários;Terminais rodoviários e ferroviários
52.23-1;Estacionamento de veículos;Estacionamentos de veículos
52.29-0;Atividades auxiliares dos transportes terrestres não especificadas anteriormente;Serviços de reboques de veículos automotores
52.29-0;Atividades auxiliares dos transportes terrestres não especificadas anteriormente;Exceto concessionárias de pontes, rodovias, túneis e serviços relacionados, terminais rodoviários e ferroviários e estacionamentos
52.31-1;Gestão de portos e terminais;Atividades de gestão de portos e terminais
52.32-0;Atividades de agenciamento marítimo;Atividades de agenciamento marítimo
52.39-7;Atividades auxiliares dos transportes aquaviários não especificadas anteriormente;Exceto administração e operação de portos e terminais, agenciamento marítimo, manutenção de navios no porto e os serviços de navegação de apoio
52.40-1;Atividades auxiliares dos transportes aéreos;Exceto a manutenção de aeronaves na pista
52.50-8;Atividades relacionadas à organização do transporte de carga;Agências de navegação
53.10-5;Atividades de Correio;
53.20-2;Atividades de malote e de entrega;
55.10-8;Hotéis e similares;
55.90-6;Outros tipos de alojamento não especificados anteriormente;
56.11-2;Restaurantes e outros estabelecimentos de serviços de alimentação e bebidas;
56.11-2;Restaurantes e outros estabelecimentos de serviços de alimentação e bebidas;
56.12-1;Serviços ambulantes de alimentação;
56.20-1;Serviços de catering, bufê e outros serviços de comida preparada;
56.20-1;Serviços de catering, bufê e outros serviços de comida preparada;
58.11-5;Edição de livros;Edição de livros
58.11-5;Edição de livros;Aquisição e gestão de direitos autorais de obras literárias
58.11-5;Edição de livros;Edição on line de livros
58.12-3;Edição de jornais;Edição de jornais
58.12-3;Edição de jornais;Edição on line de jornais
58.13-1;Edição de revistas;Edição de revistas
58.13-1;Edição de revistas;Edição on line de revistas
58.19-1;Edição de cadastros, listas e outros produtos gráficos;Edição de cadastros, listas e similares
58.19-1;Edição de cadastros, listas e outros produtos gráficos;Edição on line de cadastros, listas e similares on line
58.21-2;Edição integrada à impressão de livros;
58.22-1;Edição integrada à impressão de jornais;
58.23-9;Edição integrada à impressão de revistas;
58.29-8;Edição integrada à impressão de cadastros, listas e outros produtos gráficos;Edição e impressão de cadastros, listas e similares
59.11-1;Atividades de produção cinematográfica, de vídeos e de programas de televisão;Exceto as atividades de pós-produção cinematográfica e os estúdios de gravação de som
59.12-0;Atividades de pós-produção cinematográfica, de vídeos e de programas de televisão;Atividades de pós-produção cinematográfica
59.13-8;Distribuição cinematográfica, de vídeo e de programas de televisão;Licenciamento ou a cessão dos direitos de exibição
59.13-8;Distribuição cinematográfica, de vídeo e de programas de televisão;
59.14-6;Atividades de exibição cinematográfica;
59.20-1;Atividades de gravação de som e de edição de música;
59.20-1;Atividades de gravação de som e de edição de música;Registros e obtenção de direitos autorais de composições musicais
59.20-1;Atividades de gravação de som e de edição de música;Estúdios de gravação de som
59.20-1;Atividades de gravação de som e de edição de música;Programas de rádio gravados
60.10-1;Atividades de rádio;Transmissão e retransmissão de sinais de rádio
60.10-1;Atividades de rádio;Exceto os programas de rádio gravados
60.21-7;Atividades de televisão aberta;Atividades de televisão aberta
60.22-5;Programadoras e atividades relacionadas à televisão por assinatura;Exceto as atividades de televisão aberta
61.10-8;Telecomunicações por fio;Telecomunicações por fio
61.20-5;Telecomunicações sem fio;Telecomunicações sem fio
61.30-2;Telecomunicações por satélite;Telecomunicações por satélite
61.41-8;Operadoras de televisão por assinatura por cabo;Operadoras de televisão por assinatura por cabo
61.41-8;Operadoras de televisão por assinatura por cabo;Atividades de televisão por assinatura por cabo
61.42-6;Operadoras de televisão por assinatura por microondas;Operadoras de televisão por assinatura por microondas
61.42-6;Operadoras de televisão por assinatura por microondas;Atividades de televisão por assinatura por microondas
61.43-4;Operadoras de televisão por assinatura por satélite;Operadoras de televisão por assinatura por satélite
61.43-4;Operadoras de televisão por assinatura por satélite;Atividades de televisão por assinatura por satélite
61.90-6;Outras atividades de telecomunicações;Provedores de acesso às redes de comunicações, provedores de voz sobre protocolo Internet - VOIP
62.01-5;Desenvolvimento de programas de computador sob encomenda;Desenvolvimento de programas de computador sob encomenda
62.01-5;Desenvolvimento de programas de computador sob encomenda;Desenvolvimento de banco de dados sob encomenda
62.02-3;Desenvolvimento e licenciamento de programas de computador customizáveis;Desenvolvimento e licenciamento de programas de computador customizáveis
62.03-1;Desenvolvimento e licenciamento de programas de computador não-customizáveis;Exceto o desenvolvimento e licenciamento de programas de computador customizáveis
62.04-0;Consultoria em tecnologia da informação;
62.04-0;Consultoria em tecnologia da informação;Exceto o desenvolvimento de programas de computador sob encomenda
62.09-1;Suporte técnico, manutenção e outros serviços em tecnologia da informação;
63.11-9;Tratamento de dados, provedores de serviços de aplicação e serviços de hospedagem na internet;
63.11-9;Tratamento de dados, provedores de serviços de aplicação e serviços de hospedagem na internet;Serviços de aplicação e serviços de hospedagem na Internet 
63.19-4;Portais, provedores de conteúdo e outros serviços de informação na internet;Portais de Internet e provedores de conteúdo
63.91-7;Agências de notícias;exceto jornalistas e fotógrafos independentes
63.99-2;Outras atividades de prestação de serviços de informação não especificadas anteriormente;Serviços de informação telefônica, os serviços de levantamento de informação sob contrato e os serviços de resumos de notícia
64.10-7;Banco Central;
64.21-2;Bancos comerciais;
64.22-1;Bancos múltiplos, com carteira comercial;
64.23-9;Caixas econômicas;
64.24-7;Crédito cooperativo;
64.31-0;Bancos múltiplos, sem carteira comercial;
64.32-8;Bancos de investimento;
64.33-6;Bancos de desenvolvimento;
64.34-4;Agências de fomento;
64.35-2;Crédito imobiliário;
64.36-1;Sociedades de crédito, financiamento e investimento - financeiras;
64.37-9;Sociedades de crédito ao microempreendedor;Sociedades de crédito ao microempreendedor
64.38-7;Bancos de câmbio e outras instituições de intermediação não-monetária;não há correspondência
64.40-9;Arrendamento mercantil;
64.50-6;Sociedades de capitalização;
64.61-1;Holdings de instituições financeiras;Holdings de instituições financeiras
64.62-0;Holdings de instituições não-financeiras;
64.63-8;Outras sociedades de participação, exceto holdings;Sociedades de participação
64.70-1;Fundos de investimento;
64.91-3;Sociedades de fomento mercantil - factoring;Factoring
64.92-1;Securitização de créditos;Securitização de créditos
64.93-0;Administração de consórcios para aquisição de bens e direitos;Administração de consórcios
64.99-9;Outras atividades de serviços financeiros não especificadas anteriormente;Caixas de financiamento de corporações, a concessão de crédito pelas OSCIP e as outras atividades de concessão de crédito
64.99-9;Outras atividades de serviços financeiros não especificadas anteriormente;Exceto sociedades de participação, as holdings de instituições financeiras e a gestão de fundos para fins diversos - exceto investimentos
65.11-1;Seguros de vida;
65.12-0;Seguros não-vida;Exceto seguros-saúde
65.20-1;Seguros-saúde;Seguros-saúde
65.30-8;Resseguros;
65.41-3;Previdência complementar fechada;
65.42-1;Previdência complementar aberta;
65.50-2;Planos de saúde;
66.11-8;Administração de bolsas e mercados de balcão organizados;
66.12-6;Atividades de intermediários em transações de títulos, valores mobiliários e mercadorias;Exceto administração de carteiras de títulos e valores para terceiros
66.13-4;Administração de cartões de crédito;Administração de cartões de crédito
66.19-3;Atividades auxiliares dos serviços financeiros não especificadas anteriormente;
66.21-5;Avaliação de riscos e perdas;Peritos e avaliadores de seguros e auditoria e consultoria empresarial
66.22-3;Corretores e agentes de seguros, de planos de previdência complementar e de saúde;Corretores e agentes de seguros e de planos de previdência complementar e de saúde
66.29-1;Atividades auxiliares dos seguros, da previdência complementar e dos planos de saúde não especificadas anteriormente;Outras ativ. aux. dos seguros e da previdência complementar, nea, exceto peritos e avaliadores de seguros, auditoria e consultoria empr., corretores e agentes de seguros e de planos de previdência complementar e de saúde
66.30-4;Atividades de administração de fundos por contrato ou comissão;Gestão de fundos para fins diversos, exceto os serviços de levantamento de fundos sob contrato
66.30-4;Atividades de administração de fundos por contrato ou comissão;Administração de carteiras de títulos e valores para terceiros
68.10-2;Atividades imobiliárias de imóveis próprios;Exceto a incorporação de empreendimentos imobiliários
68.10-2;Atividades imobiliárias de imóveis próprios;
68.21-8;Intermediação na compra, venda e aluguel de imóveis;
68.21-8;Intermediação na compra, venda e aluguel de imóveis;Corretagem no aluguel de imóveis
68.22-6;Gestão e administração da propriedade imobiliária;Exceto os serviços relacionados à administração e conservação de edifícios
69.11-7;Atividades jurídicas, exceto cartórios;Exceto os cartórios
69.12-5;Cartórios;Cartórios
69.20-6;Atividades de contabilidade, consultoria e auditoria contábil e tributária;
70.10-7;Sedes de empresas e unidades administrativas locais;
70.20-4;Atividades de consultoria em gestão empresarial;Exceto os serviços de gestão que apóiam o sistema e o processo educacional e as atividades de assessoria às atividades agrícolas e pecuárias
71.11-1;Serviços de arquitetura;Serviços de arquitetura
71.12-0;Serviços de engenharia;Serviços de engenharia
71.19-7;Atividades técnicas relacionadas à arquitetura e engenharia;Exceto os serviços de arquitetura e engenharia
71.19-7;Atividades técnicas relacionadas à arquitetura e engenharia;Serviços de perícia técnica relacionada à segurança do trabalho
71.20-1;Testes e análises técnicas;
72.10-0;Pesquisa e desenvolvimento experimental em ciências físicas e naturais;
72.20-7;Pesquisa e desenvolvimento experimental em ciências sociais e humanas;
73.11-4;Agências de publicidade;Agências de publicidade
73.12-2;Agenciamento de espaços para publicidade, exceto em veículos de comunicação;Agenciamento de espaços para publicidade, exceto em veículos de comunicação
73.19-0;Atividades de publicidade não especificadas anteriormente;Exceto as agências de publicidade e o agenciamento de espaços para publicidade
73.19-0;Atividades de publicidade não especificadas anteriormente;Promoção de vendas
73.20-3;Pesquisas de mercado e de opinião pública;
74.10-2;Design e decoração de interiores;Atividades de desenhos técnicos especializados (design) e de decoração de interiores
74.20-0;Atividades fotográficas e similares;
74.20-0;Atividades fotográficas e similares;Fotógrafos independentes
74.90-1;Atividades profissionais, científicas e técnicas não especificadas anteriormente;Assessoria às atividades agrícolas e pecuárias
74.90-1;Atividades profissionais, científicas e técnicas não especificadas anteriormente;Atividades profissionais, científicas e técnicas
75.00-1;Atividades veterinárias;
77.11-0;Locação de automóveis sem condutor;
77.19-5;Locação de meios de transporte, exceto automóveis, sem condutor;Exceto o aluguel de contêineres
77.19-5;Locação de meios de transporte, exceto automóveis, sem condutor;
77.19-5;Locação de meios de transporte, exceto automóveis, sem condutor;
77.21-7;Aluguel de equipamentos recreativos e esportivos;Aluguel de material e equipamento esportivo
77.22-5;Aluguel de fitas de vídeo, DVDs e similares;Aluguel de fitas, vídeos, discos, cartuchos e similares
77.23-3;Aluguel de objetos do vestuário, jóias e acessórios;Aluguel de objetos de vestuário, jóias, calçados e outros acessórios
77.29-2;Aluguel de objetos pessoais e domésticos não especificados anteriormente;Aluguel de aparelhos e de jogos eletrônicos e materiais e equipamentos para eventos
77.29-2;Aluguel de objetos pessoais e domésticos não especificados anteriormente;"Exceto o aluguel de objetos do vestuário, jóias, calçados e outros acessórios; o aluguel de fitas, vídeos, discos, cartuchos e similares; o aluguel de material e equipamento esportivo"
77.31-4;Aluguel de máquinas e equipamentos agrícolas sem operador;
77.32-2;Aluguel de máquinas e equipamentos para construção sem operador;
77.33-1;Aluguel de máquinas e equipamentos para escritório;
77.39-0;Aluguel de máquinas e equipamentos não especificados anteriormente;Aluguel de contêineres
77.39-0;Aluguel de máquinas e equipamentos não especificados anteriormente;Exceto o aluguel de: aparelhos e jogos eletrônicos e aluguel de móveis e utensílios para eventos
77.40-3;Gestão de ativos intangíveis não-financeiros;Licenciamento, compra e venda e leasing de ativos intangíveis não financeiros, exceto direitos autorais
78.10-8;Seleção e agenciamento de mão-de-obra;Exceto a locação de mão-de-obra temporária e o fornecimento e gestão de recursos humanos para terceiros
78.20-5;Locação de mão-de-obra temporária;Locação de mão-de-obra temporária
78.30-2;Fornecimento e gestão de recursos humanos para terceiros;Fornecimento e gestão de recursos humanos para terceiros
79.11-2;Agências de viagens;Exceto os operadores turísticos e os serviços de reservas
79.12-1;Operadores turísticos;Operadores turísticos
79.90-2;Serviços de reservas e outros serviços de turismo não especificados anteriormente;Serviços de reservas
79.90-2;Serviços de reservas e outros serviços de turismo não especificados anteriormente;Agências de venda de ingressos para salas de espetáculos
80.11-1;Atividades de vigilância e segurança privada;Exceto as atividades de investigação particular, os serviços de transporte de valores e as atividades de monitoramento de sistemas de segurança
80.12-9;Atividades de transporte de valores;Serviços de transporte de valores
80.20-0;Atividades de monitoramento de sistemas de segurança;Atividades de monitoramento de sistemas de segurança
80.30-7;Atividades de investigação particular;Atividades de investigação particular
81.11-7;Serviços combinados para apoio a edifícios, exceto condomínios prediais;Serviços relacionados à administração e conservação de edifícios, exceto condomínios prediais
81.11-7;Serviços combinados para apoio a edifícios, exceto condomínios prediais;Exceto serviços de portaria
81.12-5;Condomínios prediais;
81.21-4;Limpeza em prédios e em domicílios;Limpeza em prédios e em domicílios, exceto a limpeza de piscinas, fornos, equipamentos e máquinas industriais, etc.
81.22-2;Imunização e controle de pragas urbanas;Imunização e controle de pragas urbanas, exceto os serviços de eliminação de microorganismos nocivos por meio de esterilização em produtos agrícolas, livros, etc.
81.29-0;Atividades de limpeza não especificadas anteriormente;Atividades de limpeza de piscinas, fornos, equipamentos e máquinas industriais, etc.
81.30-3;Atividades paisagísticas;Serviços de jardinagem, inclusive plantio de gramado
82.11-3;Serviços combinados de escritório e apoio administrativo;Serviços administrativos para terceiros
82.19-9;Fotocópias, preparação de documentos e outros serviços especializados de apoio administrativo;Serviços de fotocópias, digitalização e serviços correlatos
82.20-2;Atividades de teleatendimento;Serviços de contatos telefônicos
82.30-0;Atividades de organização de eventos, exceto culturais e esportivos;Serviços de organização de festas e eventos, exceto culturais e desportivos e as casas de festas e eventos
82.91-1;Atividades de cobrança e informações cadastrais;Serviços de cobrança e de informações cadastrais
82.92-0;Envasamento e empacotamento sob contrato;
82.99-7;Atividades de serviços prestados principalmente às empresas não especificadas anteriormente;Serviços de levantamento de fundos sob contrato
82.99-7;Atividades de serviços prestados principalmente às empresas não especificadas anteriormente;"Serviços de medição de consumo de energia elétrica, gás e água; emissão de vales-alimentação, vales-transporte e similares; serviços de gravação de carimbos, exceto confecção; leiloeiros independentes; serviços de levantamento de fundos sob contrato; outr"
82.99-7;Atividades de serviços prestados principalmente às empresas não especificadas anteriormente;Casas lotéricas
84.11-6;Administração pública em geral;
84.11-6;Administração pública em geral;
84.12-4;Regulação das atividades de saúde, educação, serviços culturais e outros serviços sociais;
84.13-2;Regulação das atividades econômicas;
84.21-3;Relações exteriores;
84.22-1;Defesa;
84.23-0;Justiça;
84.24-8;Segurança e ordem pública;
84.25-6;Defesa Civil;
84.30-2;Seguridade social obrigatória;
85.11-2;Educação infantil - creche;
85.12-1;Educação infantil - pré-escola;
85.13-9;Ensino fundamental;
85.20-1;Ensino médio;
85.31-7;Educação superior - graduação;
85.32-5;Educação superior - graduação e pós-graduação;
85.33-3;Educação superior - pós-graduação e extensão;
85.41-4;Educação profissional de nível técnico;
85.42-2;Educação profissional de nível tecnológico;
85.50-3;Atividades de apoio à educação;Serviços de gestão que apóiam o sistema e o processo educacional
85.91-1;Ensino de esportes;Ensino de esportes
85.92-9;Ensino de arte e cultura;Ensino de arte e cultura
85.93-7;Ensino de idiomas;Cursos de idiomas
85.99-6;Atividades de ensino não especificadas anteriormente;Exceto o ensino de arte e cultura
86.10-1;Atividades de atendimento hospitalar;
86.10-1;Atividades de atendimento hospitalar;Atividades de atendimento em pronto-socorro e unidades hospitalares para atendimento a urgências
86.21-6;Serviços móveis de atendimento a urgências;Exceto as atividades de atendimento em pronto-socorro e unidades hospitalares para atendimento a urgências
86.22-4;Serviços de remoção de pacientes, exceto os serviços móveis de atendimento a urgências;Serviços de remoções
86.30-5;Atividades de atenção ambulatorial executadas por médicos e odontólogos;Atividades de atenção ambulatorial executadas por médicos e odontólogos, serviços de vacinação e outras atividades de atenção ambulatorial
86.30-5;Atividades de atenção ambulatorial executadas por médicos e odontólogos;Atividades de reprodução humana assistida
86.40-2;Atividades de serviços de complementação diagnóstica e terapêutica;
86.40-2;Atividades de serviços de complementação diagnóstica e terapêutica;Serviços de bancos de células e tecidos humanos
86.50-0;Atividades de profissionais da área de saúde, exceto médicos e odontólogos;Exceto as atividades de apoio à gestão de saúde
86.60-7;Atividades de apoio à gestão de saúde;Atividades de apoio à gestão de saúde
86.90-9;Atividades de atenção à saúde humana não especificadas anteriormente;Exceto as atividades de reprodução humana assistida, os bancos de células e tecidos humanos e os serviços de remoções
87.11-5;Atividades de assistência a idosos, deficientes físicos, imunodeprimidos e convalescentes prestadas em residências coletivas e particulares;"Clínicas e residências geriátricas; as atividades de assistência a deficientes físicos, imunodeprimidos e convalescentes; os centros de apoio a pacientes com câncer e com AIDS"
87.11-5;Atividades de assistência a idosos, deficientes físicos, imunodeprimidos e convalescentes prestadas em residências coletivas e particulares;Asilos e os condomínios residenciais para idosos
87.12-3;Atividades de fornecimento de infra-estrutura de apoio e assistência a paciente no domicílio;Atividades de fornecimento de infra-estrutura de apoio e assistência a paciente no domicílio
87.20-4;Atividades de assistência psicossocial e à saúde a portadores de distúrbios psíquicos, deficiência mental e dependência química;Atividades de centros de assistência psicossocial
87.20-4;Atividades de assistência psicossocial e à saúde a portadores de distúrbios psíquicos, deficiência mental e dependência química;Centros de reabilitação para dependentes químicos com alojamento e as instituições para pessoas incapacitadas físico e mentalmente quando o tratamento médico não constitui o elemento central deste atendimento
87.20-4;Atividades de assistência psicossocial e à saúde a portadores de distúrbios psíquicos, deficiência mental e dependência química;Centros de reabilitação para dependentes químicos sem alojamento
87.30-1;Atividades de assistência social prestadas em residências coletivas e particulares;Atividades de clínicas médicas prestadas no domicílio do paciente
87.30-1;Atividades de assistência social prestadas em residências coletivas e particulares;Orfanatos, albergues assistenciais e os centros correcionais para jovens
88.00-6;Serviços de assistência social sem alojamento;Exceto os centros de reabilitação para dependentes químicos sem alojamento
90.01-9;Artes cênicas, espetáculos e atividades complementares;Exceto as atividades de restauração de obras de arte e os escritores
90.01-9;Artes cênicas, espetáculos e atividades complementares;Serviços de iluminação e som ligados às atividades artísticas, etc.
90.01-9;Artes cênicas, espetáculos e atividades complementares;"Exceto as academias de dança; discotecas, danceterias e similares"
90.02-7;Criação artística;Atividades de artistas independentes, escritores, músicos, escultores, pintores e a restauração de obras de arte
90.02-7;Criação artística;Jornalistas independentes
90.03-5;Gestão de espaços para artes cênicas, espetáculos e outras atividades artísticas;Exceto as agências de venda de ingressos para espetáculos e os serviços de sonorização ligados à gestão de salas de espetáculos
91.01-5;Atividades de bibliotecas e arquivos;
91.02-3;Atividades de museus e de exploração, restauração artística e conservação de lugares e prédios históricos e atrações similares;
91.03-1;Atividades de jardins botânicos, zoológicos, parques nacionais, reservas ecológicas e áreas de proteção ambiental;
92.00-3;Atividades de exploração de jogos de azar e apostas;Atividades ligadas à corrida de cavalos
92.00-3;Atividades de exploração de jogos de azar e apostas;"Exceto a exploração de boliches; fliperamas e jogos eletrônicos; parques de diversão e similares; exploração de jogos de sinuca, bilhar e similares"
93.11-5;Gestão de instalações de esportes;Gestão de instalações esportivas
93.12-3;Clubes sociais, esportivos e similares;Clubes sociais, esportivos e similares
93.13-1;Atividades de condicionamento físico;Atividades de condicionamento físico
93.19-1;Atividades esportivas não especificadas anteriormente;Operação de estábulos de hipódromos
93.19-1;Atividades esportivas não especificadas anteriormente;Organização e exploração de atividades esportivas e outras atividades esportivas
93.21-2;Parques de diversão e parques temáticos;Exploração de parques de diversões e similares
93.29-8;Atividades de recreação e lazer não especificadas anteriormente;"Academias de dança; discotecas, danceterias e similares"
93.29-8;Atividades de recreação e lazer não especificadas anteriormente;"Exploração de boliches, jogos de sinuca, bilhar e similares; fliperamas e jogos eletrônicos, etc."
94.11-1;Atividades de organizações associativas patronais e empresariais;
94.12-0;Atividades de organizações associativas profissionais;
94.20-1;Atividades de organizações sindicais;
94.30-8;Atividades de associações de defesa de direitos sociais;Atividades de associações de defesa de direitos sociais
94.91-0;Atividades de organizações religiosas;
94.92-8;Atividades de organizações políticas;
94.93-6;Atividades de organizações associativas ligadas à cultura e à arte;Atividades de organizações associativas ligadas à cultura e à arte
94.99-5;Atividades associativas não especificadas anteriormente;Exceto as atividades de associações de defesa de direitos sociais e as atividades de organizações associativas ligadas à cultura e à arte
95.11-8;Reparação e manutenção de computadores e de equipamentos periféricos;Reparação e manutenção de computadores e de equipamentos periféricos
95.12-6;Reparação e manutenção de equipamentos de comunicação;
95.12-6;Reparação e manutenção de equipamentos de comunicação;Reparação e manutenção de aparelhos telefônicos
95.21-5;Reparação e manutenção de equipamentos eletroeletrônicos de uso pessoal e doméstico;Exceto a reparação e manutenção de aparelhos telefônicos
95.29-1;Reparação e manutenção de objetos e equipamentos pessoais e domésticos não especificados anteriormente;
95.29-1;Reparação e manutenção de objetos e equipamentos pessoais e domésticos não especificados anteriormente;
96.01-7;Lavanderias, tinturarias e toalheiros;
96.02-5;Cabeleireiros e outras atividades de tratamento de beleza;
96.03-3;Atividades funerárias e serviços relacionados;
96.09-2;Atividades de serviços pessoais não especificadas anteriormente;
96.09-2;Atividades de serviços pessoais não especificadas anteriormente;
97.00-5;Serviços domésticos;
99.00-8;Organismos internacionais e outras instituições extraterritoriais;